scraped_at,source,property_type,district_name,listing_count,total_market_value_czk,average_asking_price_czk,median_asking_price_czk,median_price_per_m2_czk,average_area_m2
2026-04-23 13:31:01.178533,bezrealitky,byty,Praha - Ostatní,28,0.0,,,,
2026-04-23 13:31:01.178533,bezrealitky,domy,Praha - Ostatní,3,0.0,,,,
2026-04-23 13:31:01.178533,bezrealitky,ostatni,Praha - Ostatní,3,0.0,,,,
2026-04-23 13:31:01.178533,bezrealitky,pozemky,Praha - Ostatní,3,0.0,,,,
2026-04-23 13:31:01.178533,sreality,byty,Bohnice,42,373676619.0,8897062.357142856,8495000.0,146303.77500000002,61.61904761904762
2026-04-23 13:31:01.178533,sreality,byty,Braník,55,513955319.0,9697270.169811321,8990000.0,171519.05,60.14545454545455
2026-04-23 13:31:01.178533,sreality,byty,Bubeneč,45,766850489.0,17428420.204545453,16740000.0,182484.84499999997,89.31111111111112
2026-04-23 13:31:01.178533,sreality,byty,Běchovice,4,51518000.0,12879500.0,10984500.0,132991.57,87.75
2026-04-23 13:31:01.178533,sreality,byty,Břevnov,75,909044899.0,13567834.313432835,10790000.0,178378.38,82.49333333333334
2026-04-23 13:31:01.178533,sreality,byty,Březiněves,3,45974000.0,15324666.666666666,17492000.0,114326.8,138.66666666666666
2026-04-23 13:31:01.178533,sreality,byty,Chodov,133,1292031748.0,9862837.770992367,9346217.0,175648.65,60.80451127819549
2026-04-23 13:31:01.178533,sreality,byty,Dejvice,81,913905550.0,14279774.21875,13266300.0,178016.70500000002,89.54320987654322
2026-04-23 13:31:01.178533,sreality,byty,Dolní Chabry,24,244036900.0,11620804.761904761,9690000.0,160376.67,74.0
2026-04-23 13:31:01.178533,sreality,byty,Dolní Měcholupy,55,439991966.0,8461383.961538462,6845000.0,142080.02000000002,66.85454545454546
2026-04-23 13:31:01.178533,sreality,byty,Dolní Počernice,11,112206370.0,10200579.090909092,8748475.0,151756.89,68.0
2026-04-23 13:31:01.178533,sreality,byty,Dubeč,10,83431000.0,9270111.111111112,8400000.0,155555.56,59.7
2026-04-23 13:31:01.178533,sreality,byty,Hloubětín,67,642124897.0,9729165.106060605,8945000.0,173227.905,58.19402985074627
2026-04-23 13:31:01.178533,sreality,byty,Hlubočepy,200,1940655635.0,10160500.706806283,9182880.0,165454.55,67.445
2026-04-23 13:31:01.178533,sreality,byty,Hodkovičky,9,83674416.0,9297157.333333334,7100000.0,173170.73,53.888888888888886
2026-04-23 13:31:01.178533,sreality,byty,Holešovice,165,2599242788.0,16555686.547770701,12430000.0,205555.56,76.07272727272728
2026-04-23 13:31:01.178533,sreality,byty,Holyně,2,34520000.0,17260000.0,17260000.0,124574.54000000001,138.5
2026-04-23 13:31:01.178533,sreality,byty,Horní Měcholupy,24,237895000.0,9912291.666666666,9930000.0,144388.885,67.70833333333333
2026-04-23 13:31:01.178533,sreality,byty,Horní Počernice,10,105105000.0,10510500.0,8442500.0,129706.09,73.2
2026-04-23 13:31:01.178533,sreality,byty,Hostavice,16,195135700.0,12195981.25,12735000.0,136080.435,98.125
2026-04-23 13:31:01.178533,sreality,byty,Hostivař,50,523157163.0,10463143.26,9230000.0,161737.14500000002,68.48
2026-04-23 13:31:01.178533,sreality,byty,Hrdlořezy,20,302826372.0,15141318.6,13970000.0,182487.71000000002,84.5
2026-04-23 13:31:01.178533,sreality,byty,Háje,25,222028677.0,9653420.739130436,9100000.0,157000.0,65.4
2026-04-23 13:31:01.178533,sreality,byty,Jinonice,25,321567000.0,13981173.913043479,15890000.0,176176.47,83.36
2026-04-23 13:31:01.178533,sreality,byty,Josefov,9,180870985.0,36174197.0,26891985.0,277592.59,129.55555555555554
2026-04-23 13:31:01.178533,sreality,byty,Kamýk,59,532264998.0,9176982.72413793,8769999.5,173205.125,59.067796610169495
2026-04-23 13:31:01.178533,sreality,byty,Karlín,80,1103555307.0,14331887.103896104,13590000.0,194878.05,74.1
2026-04-23 13:31:01.178533,sreality,byty,Kbely,32,274124009.0,8566375.28125,8205000.0,161424.305,59.5
2026-04-23 13:31:01.178533,sreality,byty,Klánovice,3,58960000.0,19653333.333333332,19150000.0,160370.37,128.33333333333334
2026-04-23 13:31:01.178533,sreality,byty,Kobylisy,31,279327597.0,9010567.64516129,8500000.0,160000.0,59.61290322580645
2026-04-23 13:31:01.178533,sreality,byty,Koloděje,3,37180000.0,18590000.0,18590000.0,116187.5,148.33333333333334
2026-04-23 13:31:01.178533,sreality,byty,Komořany,10,102631016.0,10263101.6,7690813.0,148240.27000000002,69.5
2026-04-23 13:31:01.178533,sreality,byty,Košíře,108,1309128854.0,12467893.847619047,10500000.0,176372.55,76.0925925925926
2026-04-23 13:31:01.178533,sreality,byty,Královice,1,10390000.0,10390000.0,10390000.0,123690.48,84.0
2026-04-23 13:31:01.178533,sreality,byty,Krč,39,430912000.0,12311771.42857143,9900000.0,136233.77,88.53846153846153
2026-04-23 13:31:01.178533,sreality,byty,Kunratice,8,102080000.0,12760000.0,12450000.0,142137.2,88.5
2026-04-23 13:31:01.178533,sreality,byty,Kyje,30,255545000.0,9464629.629629629,8690000.0,154411.76,66.86666666666666
2026-04-23 13:31:01.178533,sreality,byty,Letňany,81,726947577.0,9319840.73076923,8640000.0,147075.47,123.41975308641975
2026-04-23 13:31:01.178533,sreality,byty,Lhotka,9,78930000.0,8770000.0,8650000.0,140468.75,61.77777777777778
2026-04-23 13:31:01.178533,sreality,byty,Libeň,157,1610046158.0,10454845.181818182,9432220.0,169995.0,64.2484076433121
2026-04-23 13:31:01.178533,sreality,byty,Liboc,11,166840000.0,15167272.727272727,15900000.0,157425.74,96.45454545454545
2026-04-23 13:31:01.178533,sreality,byty,Libuš,8,80976720.0,10122090.0,8950860.0,137130.905,74.875
2026-04-23 13:31:01.178533,sreality,byty,Lipence,3,29570000.0,9856666.666666666,8890000.0,107538.46,113.0
2026-04-23 13:31:01.178533,sreality,byty,Lochkov,27,317834000.0,11771629.629629629,10990000.0,156868.22,76.88888888888889
2026-04-23 13:31:01.178533,sreality,byty,Lysolaje,4,31670000.0,7917500.0,7845000.0,187489.105,44.25
2026-04-23 13:31:01.178533,sreality,byty,Malešice,25,230707042.0,10030740.956521738,9790000.0,140930.23,79.92
2026-04-23 13:31:01.178533,sreality,byty,Malá Strana,27,617294000.0,22862740.740740743,20900000.0,208791.21,117.70370370370371
2026-04-23 13:31:01.178533,sreality,byty,Michle,65,753282219.0,11770034.671875,10332500.0,166565.84999999998,70.84615384615384
2026-04-23 13:31:01.178533,sreality,byty,Miškovice,8,84297090.0,10537136.25,11788868.0,150735.475,69.375
2026-04-23 13:31:01.178533,sreality,byty,Modřany,80,838758350.0,11489840.410958905,10290000.0,172566.37,72.0125
2026-04-23 13:31:01.178533,sreality,byty,Motol,8,84010000.0,10501250.0,9620000.0,158511.09999999998,65.375
2026-04-23 13:31:01.178533,sreality,byty,Nebušice,4,84374452.0,21093613.0,22239300.0,134349.055,154.75
2026-04-23 13:31:01.178533,sreality,byty,Nedvězí u Říčan,1,8490000.0,8490000.0,8490000.0,116301.37,73.0
2026-04-23 13:31:01.178533,sreality,byty,Nové Město,162,2430744766.0,16648936.753424658,14500000.0,194560.93,89.79629629629629
2026-04-23 13:31:01.178533,sreality,byty,Nusle,118,1200616399.0,10440142.6,8990000.0,163846.15,62.47457627118644
2026-04-23 13:31:01.178533,sreality,byty,Petrovice,6,44760000.0,7460000.0,7495000.0,130361.54000000001,57.5
2026-04-23 13:31:01.178533,sreality,byty,Pitkovice,35,388527801.0,11427288.264705881,9485000.0,150735.675,79.4
2026-04-23 13:31:01.178533,sreality,byty,Podolí,22,320617650.0,15267507.142857144,11650000.0,159333.33,90.86363636363636
2026-04-23 13:31:01.178533,sreality,byty,Praha - Ostatní,4,0.0,,,,72.75
2026-04-23 13:31:01.178533,sreality,byty,Praha 1,5,145387130.0,36346782.5,1901665.0,67938.45999999999,81.0
2026-04-23 13:31:01.178533,sreality,byty,Praha 10,9,2296698063.0,255188673.66666666,10850000.0,230851.06,58.888888888888886
2026-04-23 13:31:01.178533,sreality,byty,Praha 11,7,81548053.0,11649721.857142856,11875973.0,199107.14,62.857142857142854
2026-04-23 13:31:01.178533,sreality,byty,Praha 12,4,50512000.0,12628000.0,12700000.0,186576.605,70.5
2026-04-23 13:31:01.178533,sreality,byty,Praha 13,4,54520500.0,13630125.0,13716250.0,201150.54499999998,69.0
2026-04-23 13:31:01.178533,sreality,byty,Praha 14,3,42648204.0,14216068.0,14150000.0,176875.0,91.66666666666667
2026-04-23 13:31:01.178533,sreality,byty,Praha 15,3,46405801.0,15468600.333333334,15300000.0,191250.0,77.0
2026-04-23 13:31:01.178533,sreality,byty,Praha 16,3,49580000.0,16526666.666666666,16500000.0,143478.26,111.33333333333333
2026-04-23 13:31:01.178533,sreality,byty,Praha 17,3,51825000.0,17275000.0,17325000.0,175000.0,122.66666666666667
2026-04-23 13:31:01.178533,sreality,byty,Praha 2,7,15037940.0,2506323.3333333335,2529420.0,54822.595,58.42857142857143
2026-04-23 13:31:01.178533,sreality,byty,Praha 20,1,20000000.0,20000000.0,20000000.0,204081.63,98.0
2026-04-23 13:31:01.178533,sreality,byty,Praha 22,5,113019000.0,22603800.0,22650000.0,199130.43,109.0
2026-04-23 13:31:01.178533,sreality,byty,Praha 25,1,25939895.0,25939895.0,25939895.0,146553.08,177.0
2026-04-23 13:31:01.178533,sreality,byty,Praha 29,1,29000000.0,29000000.0,29000000.0,268518.52,108.0
2026-04-23 13:31:01.178533,sreality,byty,Praha 3,3,44547229.0,14849076.333333334,3453330.0,73274.45,57.333333333333336
2026-04-23 13:31:01.178533,sreality,byty,Praha 33,1,33206581.0,33206581.0,33206581.0,279046.9,119.0
2026-04-23 13:31:01.178533,sreality,byty,Praha 34,1,34900000.0,34900000.0,34900000.0,185638.3,188.0
2026-04-23 13:31:01.178533,sreality,byty,Praha 35,1,35000000.0,35000000.0,35000000.0,212121.21,165.0
2026-04-23 13:31:01.178533,sreality,byty,Praha 4,4,841830000.0,210457500.0,208345000.0,1849523.3250000002,82.5
2026-04-23 13:31:01.178533,sreality,byty,Praha 5,34,12614834539.0,371024545.2647059,512135680.0,4733054.205,84.52941176470588
2026-04-23 13:31:01.178533,sreality,byty,Praha 6,4,26193663.0,6548415.75,6557627.5,224957.76,31.75
2026-04-23 13:31:01.178533,sreality,byty,Praha 7,11,800539148.0,72776286.18181819,7512543.0,160204.08,49.90909090909091
2026-04-23 13:31:01.178533,sreality,byty,Praha 8,5,43219000.0,8643800.0,8500000.0,146379.31,62.4
2026-04-23 13:31:01.178533,sreality,byty,Praha 9,18,4299468116.0,238859339.7777778,93094940.5,1405422.57,57.611111111111114
2026-04-23 13:31:01.178533,sreality,byty,Praha-Dubeč,1,8599000.0,8599000.0,8599000.0,159240.74,54.0
2026-04-23 13:31:01.178533,sreality,byty,Praha-Štěrboholy,1,7126034.0,7126034.0,7126034.0,158356.31,45.0
2026-04-23 13:31:01.178533,sreality,byty,Prosek,35,308559220.0,8815977.714285715,8690000.0,138596.49,63.857142857142854
2026-04-23 13:31:01.178533,sreality,byty,Písnice,2,17365000.0,8682500.0,8682500.0,177306.035,56.5
2026-04-23 13:31:01.178533,sreality,byty,Radlice,20,332935540.0,16646777.0,14250000.0,187620.41,89.05
2026-04-23 13:31:01.178533,sreality,byty,Radotín,25,356194757.0,14247790.28,11875200.0,161354.17,95.84
2026-04-23 13:31:01.178533,sreality,byty,Ruzyně,52,536537295.0,10318024.903846154,9495000.0,166129.43,65.42307692307692
2026-04-23 13:31:01.178533,sreality,byty,Satalice,6,46291391.0,7715231.833333333,6525387.0,174507.78,43.5
2026-04-23 13:31:01.178533,sreality,byty,Sedlec,1,10800000.0,10800000.0,10800000.0,97297.3,111.0
2026-04-23 13:31:01.178533,sreality,byty,Smíchov,320,4878879698.0,15537833.43312102,12360163.5,190147.35,84.796875
2026-04-23 13:31:01.178533,sreality,byty,Staré Město,59,1013592500.0,21565797.872340426,20043000.0,234673.61,110.8135593220339
2026-04-23 13:31:01.178533,sreality,byty,Stodůlky,118,1153801199.0,10301796.419642856,9162500.0,145346.745,80.22881355932203
2026-04-23 13:31:01.178533,sreality,byty,Strašnice,77,750636000.0,10143729.72972973,8997000.0,159076.67,65.98701298701299
2026-04-23 13:31:01.178533,sreality,byty,Střešovice,15,206268000.0,13751200.0,11499000.0,160103.63,85.53333333333333
2026-04-23 13:31:01.178533,sreality,byty,Střížkov,43,424044573.0,9861501.697674418,8879661.0,156779.66,65.93023255813954
2026-04-23 13:31:01.178533,sreality,byty,Suchdol,16,279127000.0,17445437.5,17563500.0,153747.58000000002,116.5625
2026-04-23 13:31:01.178533,sreality,byty,Točná,1,3395000.0,3395000.0,3395000.0,188611.11,18.0
2026-04-23 13:31:01.178533,sreality,byty,Troja,25,342196000.0,13687840.0,10000000.0,157980.0,83.6
2026-04-23 13:31:01.178533,sreality,byty,Třebonice,10,62491280.0,6943475.555555556,5500000.0,183928.57,61.8
2026-04-23 13:31:01.178533,sreality,byty,Třeboradice,1,7790000.0,7790000.0,7790000.0,158979.59,49.0
2026-04-23 13:31:01.178533,sreality,byty,Uhříněves,43,402898739.0,9826798.512195121,8990000.0,166458.33,62.06976744186046
2026-04-23 13:31:01.178533,sreality,byty,Veleslavín,13,147845000.0,12320416.666666666,7867500.0,152351.42,91.0
2026-04-23 13:31:01.178533,sreality,byty,Velká Chuchle,3,52599999.0,17533333.0,21300000.0,139215.69,128.66666666666666
2026-04-23 13:31:01.178533,sreality,byty,Vinohrady,184,2881966953.0,16190825.578651685,14099950.0,191674.975,82.16847826086956
2026-04-23 13:31:01.178533,sreality,byty,Vinoř,20,193779852.0,9688992.6,9080000.0,153644.635,68.3
2026-04-23 13:31:01.178533,sreality,byty,Vokovice,26,333098000.0,13323920.0,8990000.0,175294.12,75.03846153846153
2026-04-23 13:31:01.178533,sreality,byty,Vršovice,158,1415500887.0,9762075.08275862,8900000.0,162982.46,61.88607594936709
2026-04-23 13:31:01.178533,sreality,byty,Vysočany,159,1670031581.0,11208265.644295301,10300000.0,171190.48,67.9245283018868
2026-04-23 13:31:01.178533,sreality,byty,Vyšehrad,1,8970000.0,8970000.0,8970000.0,190851.06,47.0
2026-04-23 13:31:01.178533,sreality,byty,Zbraslav,27,258817682.0,9954526.23076923,9040000.0,146027.775,74.66666666666667
2026-04-23 13:31:01.178533,sreality,byty,Zličín,16,141089000.0,10077785.714285715,9540000.0,158329.55,70.75
2026-04-23 13:31:01.178533,sreality,byty,Záběhlice,85,910583528.0,10840280.095238095,9090000.0,143719.15999999997,76.12941176470588
2026-04-23 13:31:01.178533,sreality,byty,Újezd nad Lesy,6,62769000.0,10461500.0,9990000.0,110007.32500000001,91.5
2026-04-23 13:31:01.178533,sreality,byty,Újezd u Průhonic,4,44580000.0,11145000.0,11320000.0,145154.95,78.5
2026-04-23 13:31:01.178533,sreality,byty,Čakovice,36,360075756.0,10287878.742857143,9672929.0,160370.89,66.19444444444444
2026-04-23 13:31:01.178533,sreality,byty,Černý Most,39,295491244.0,7576698.564102564,7790000.0,126057.69,64.6923076923077
2026-04-23 13:31:01.178533,sreality,byty,Čimice,8,86399000.0,10799875.0,11120000.0,141489.08000000002,75.875
2026-04-23 13:31:01.178533,sreality,byty,Ďáblice,5,40719459.0,8143891.8,8290404.0,172244.9,50.4
2026-04-23 13:31:01.178533,sreality,byty,Řeporyje,3,36564400.0,12188133.333333334,11634400.0,157221.62,70.0
2026-04-23 13:31:01.178533,sreality,byty,Řepy,25,267588690.0,10703547.6,9390000.0,142978.72,72.04
2026-04-23 13:31:01.178533,sreality,byty,Šeberov,1,15999999.0,15999999.0,15999999.0,118518.51,135.0
2026-04-23 13:31:01.178533,sreality,byty,Štěrboholy,4,42210405.0,10552601.25,10770202.5,163001.95,83.75
2026-04-23 13:31:01.178533,sreality,byty,Žižkov,261,3020806424.0,11573970.973180076,9994902.0,178826.92,67.02298850574712
2026-04-23 13:31:01.178533,sreality,domy,Benice,4,76450000.0,25483333.333333332,31600000.0,112264.15,269.25
2026-04-23 13:31:01.178533,sreality,domy,Bohnice,2,30480000.0,15240000.0,15240000.0,99407.595,154.0
2026-04-23 13:31:01.178533,sreality,domy,Braník,9,222880000.0,37146666.666666664,36495000.0,108080.81,338.44444444444446
2026-04-23 13:31:01.178533,sreality,domy,Bubeneč,1,69860000.0,69860000.0,69860000.0,174650.0,400.0
2026-04-23 13:31:01.178533,sreality,domy,Běchovice,5,64389000.0,16097250.0,15995000.0,105521.42,160.6
2026-04-23 13:31:01.178533,sreality,domy,Břevnov,5,200568000.0,40113600.0,27400000.0,125343.92,274.0
2026-04-23 13:31:01.178533,sreality,domy,Březiněves,9,147234240.0,21033462.85714286,17970240.0,113584.42,233.0
2026-04-23 13:31:01.178533,sreality,domy,Chodov,10,280901951.0,28090195.1,27930750.0,133665.29,217.2
2026-04-23 13:31:01.178533,sreality,domy,Cholupice,4,79388200.0,19847050.0,21195000.0,116685.575,174.25
2026-04-23 13:31:01.178533,sreality,domy,Dejvice,18,505170000.0,33678000.0,29385000.0,166666.67,268.72222222222223
2026-04-23 13:31:01.178533,sreality,domy,Dolní Chabry,6,116055000.0,19342500.0,20355000.0,119402.175,181.5
2026-04-23 13:31:01.178533,sreality,domy,Dolní Měcholupy,15,263564000.0,18826000.0,18930000.0,124653.64,160.26666666666668
2026-04-23 13:31:01.178533,sreality,domy,Dolní Počernice,2,38389999.0,19194999.5,19194999.5,71276.985,270.0
2026-04-23 13:31:01.178533,sreality,domy,Dubeč,11,74868000.0,7486800.0,5472000.0,139592.14,69.0
2026-04-23 13:31:01.178533,sreality,domy,Hloubětín,4,76400000.0,25466666.666666668,34900000.0,185638.3,210.25
2026-04-23 13:31:01.178533,sreality,domy,Hlubočepy,16,642370000.0,40148125.0,38490000.0,167653.85,262.3125
2026-04-23 13:31:01.178533,sreality,domy,Hodkovičky,4,28231500.0,28231500.0,28231500.0,141157.5,312.0
2026-04-23 13:31:01.178533,sreality,domy,Holešovice,1,2500000.0,2500000.0,2500000.0,83333.33,30.0
2026-04-23 13:31:01.178533,sreality,domy,Holyně,1,2500000.0,2500000.0,2500000.0,86206.9,29.0
2026-04-23 13:31:01.178533,sreality,domy,Horní Měcholupy,1,0.0,,,,157.0
2026-04-23 13:31:01.178533,sreality,domy,Horní Počernice,21,395270599.0,20803715.736842107,18500000.0,108944.95,240.38095238095238
2026-04-23 13:31:01.178533,sreality,domy,Hostavice,6,101500000.0,16916666.666666668,14605000.0,104671.525,166.66666666666666
2026-04-23 13:31:01.178533,sreality,domy,Hostivař,12,323821920.0,26985160.0,26990000.0,113966.16500000001,225.75
2026-04-23 13:31:01.178533,sreality,domy,Hrdlořezy,5,39820000.0,9955000.0,10095000.0,165750.0,121.0
2026-04-23 13:31:01.178533,sreality,domy,Háje,7,144230000.0,20604285.714285713,19990000.0,93589.74,223.14285714285714
2026-04-23 13:31:01.178533,sreality,domy,Jinonice,2,72200000.0,36100000.0,36100000.0,155870.76,227.0
2026-04-23 13:31:01.178533,sreality,domy,Kamýk,2,115900000.0,57950000.0,57950000.0,84017.48999999999,666.0
2026-04-23 13:31:01.178533,sreality,domy,Kbely,8,106819000.0,17803166.666666668,17700000.0,98477.78,203.875
2026-04-23 13:31:01.178533,sreality,domy,Klánovice,14,309319000.0,23793769.230769232,23900000.0,121724.64,213.28571428571428
2026-04-23 13:31:01.178533,sreality,domy,Kobylisy,9,177930000.0,25418571.42857143,26900000.0,109655.17,217.33333333333334
2026-04-23 13:31:01.178533,sreality,domy,Koloděje,7,126069000.0,21011500.0,19320000.0,116187.5,188.42857142857142
2026-04-23 13:31:01.178533,sreality,domy,Kolovraty,10,199780000.0,22197777.777777776,20990000.0,108695.65,220.9
2026-04-23 13:31:01.178533,sreality,domy,Komořany,2,116000000.0,58000000.0,58000000.0,154805.195,472.5
2026-04-23 13:31:01.178533,sreality,domy,Košíře,8,201380000.0,28768571.42857143,28490000.0,125816.99,228.5
2026-04-23 13:31:01.178533,sreality,domy,Královice,7,123189000.0,17598428.57142857,16400000.0,119685.04,167.57142857142858
2026-04-23 13:31:01.178533,sreality,domy,Krč,3,80840000.0,26946666.666666668,24990000.0,108371.04,260.3333333333333
2026-04-23 13:31:01.178533,sreality,domy,Kunratice,14,450750000.0,37562500.0,31695000.0,99985.285,419.07142857142856
2026-04-23 13:31:01.178533,sreality,domy,Kyje,20,398607800.0,19930390.0,17690000.0,118383.1,181.8
2026-04-23 13:31:01.178533,sreality,domy,Křeslice,2,29500000.0,29500000.0,29500000.0,29500.0,548.0
2026-04-23 13:31:01.178533,sreality,domy,Lahovice,2,38700000.0,19350000.0,19350000.0,92992.535,217.0
2026-04-23 13:31:01.178533,sreality,domy,Letňany,5,89127800.0,22281950.0,20343900.0,129501.20000000001,213.6
2026-04-23 13:31:01.178533,sreality,domy,Lhotka,3,75500000.0,37750000.0,37750000.0,95022.64499999999,337.0
2026-04-23 13:31:01.178533,sreality,domy,Libeň,8,82750000.0,20687500.0,16225000.0,147291.66499999998,174.75
2026-04-23 13:31:01.178533,sreality,domy,Liboc,2,0.0,,,,306.0
2026-04-23 13:31:01.178533,sreality,domy,Libuš,11,295849000.0,32872111.111111112,29500000.0,112115.38,333.09090909090907
2026-04-23 13:31:01.178533,sreality,domy,Lipany,1,17950000.0,17950000.0,17950000.0,130072.46,138.0
2026-04-23 13:31:01.178533,sreality,domy,Lipence,10,132680000.0,14742222.222222222,13690000.0,70000.0,259.8
2026-04-23 13:31:01.178533,sreality,domy,Lochkov,5,95846500.0,19169300.0,16999000.0,82921.95,251.4
2026-04-23 13:31:01.178533,sreality,domy,Lysolaje,12,268140000.0,33517500.0,33000000.0,158032.255,395.75
2026-04-23 13:31:01.178533,sreality,domy,Malešice,5,116940000.0,29235000.0,25995000.0,182336.54499999998,192.6
2026-04-23 13:31:01.178533,sreality,domy,Michle,7,165258000.0,23608285.714285713,25990000.0,101921.57,239.42857142857142
2026-04-23 13:31:01.178533,sreality,domy,Miškovice,7,92325070.0,18465014.0,18497945.0,115612.16,163.42857142857142
2026-04-23 13:31:01.178533,sreality,domy,Modřany,19,450129000.0,28133062.5,26695000.0,148391.66499999998,238.73684210526315
2026-04-23 13:31:01.178533,sreality,domy,Motol,2,32900000.0,32900000.0,32900000.0,83291.14,345.0
2026-04-23 13:31:01.178533,sreality,domy,Nebušice,10,262746816.0,26274681.6,25123408.0,128043.965,253.9
2026-04-23 13:31:01.178533,sreality,domy,Nedvězí u Říčan,1,17750000.0,17750000.0,17750000.0,149159.66,119.0
2026-04-23 13:31:01.178533,sreality,domy,Nusle,2,28700000.0,28700000.0,28700000.0,131651.38,337.0
2026-04-23 13:31:01.178533,sreality,domy,Petrovice,1,13900000.0,13900000.0,13900000.0,144791.67,96.0
2026-04-23 13:31:01.178533,sreality,domy,Pitkovice,5,128004000.0,25600800.0,24950000.0,135909.09,199.4
2026-04-23 13:31:01.178533,sreality,domy,Podolí,3,88990000.0,44495000.0,44495000.0,97033.805,631.3333333333334
2026-04-23 13:31:01.178533,sreality,domy,Praha - Ostatní,5,0.0,,,,744.4
2026-04-23 13:31:01.178533,sreality,domy,Praha 1,3,4380000.0,1460000.0,1200000.0,171428.57,11.0
2026-04-23 13:31:01.178533,sreality,domy,Praha 12,1,12499000.0,12499000.0,12499000.0,104158.33,120.0
2026-04-23 13:31:01.178533,sreality,domy,Praha 13,2,1364000000.0,682000000.0,682000000.0,2774222.22,170.0
2026-04-23 13:31:01.178533,sreality,domy,Praha 15,1,15995000.0,15995000.0,15995000.0,126944.44,126.0
2026-04-23 13:31:01.178533,sreality,domy,Praha 16,3,49070000.0,16356666.666666666,16390000.0,148532.11,110.0
2026-04-23 13:31:01.178533,sreality,domy,Praha 17,1,17285000.0,17285000.0,17285000.0,120874.13,143.0
2026-04-23 13:31:01.178533,sreality,domy,Praha 18,2,36300000.0,18150000.0,18150000.0,159210.53,114.0
2026-04-23 13:31:01.178533,sreality,domy,Praha 22,1,22850000.0,22850000.0,22850000.0,55596.11,411.0
2026-04-23 13:31:01.178533,sreality,domy,Praha 23,1,23750000.0,23750000.0,23750000.0,107954.55,220.0
2026-04-23 13:31:01.178533,sreality,domy,Praha 24,1,24000000.0,24000000.0,24000000.0,133333.33,180.0
2026-04-23 13:31:01.178533,sreality,domy,Praha 26,2,53400000.0,26700000.0,26700000.0,94261.36499999999,310.0
2026-04-23 13:31:01.178533,sreality,domy,Praha 29,1,29385000.0,29385000.0,29385000.0,198547.3,148.0
2026-04-23 13:31:01.178533,sreality,domy,Praha 3,2,7475000.0,3737500.0,3737500.0,164642.85499999998,23.0
2026-04-23 13:31:01.178533,sreality,domy,Praha 31,1,31900000.0,31900000.0,31900000.0,87397.26,365.0
2026-04-23 13:31:01.178533,sreality,domy,Praha 4,2,923000000.0,461500000.0,461500000.0,1062877.07,496.0
2026-04-23 13:31:01.178533,sreality,domy,Praha 599,1,599000.0,599000.0,599000.0,37437.5,16.0
2026-04-23 13:31:01.178533,sreality,domy,Praha 6,2,630000000.0,630000000.0,630000000.0,2592592.59,495.5
2026-04-23 13:31:01.178533,sreality,domy,Praha 8,1,855000000.0,855000000.0,855000000.0,1050368.55,814.0
2026-04-23 13:31:01.178533,sreality,domy,Praha 9,1,917595000.0,917595000.0,917595000.0,6416748.25,143.0
2026-04-23 13:31:01.178533,sreality,domy,Praha-Vinoř,1,19990000.0,19990000.0,19990000.0,102512.82,195.0
2026-04-23 13:31:01.178533,sreality,domy,Praha-Ďáblice,2,36800000.0,18400000.0,18400000.0,134935.285,137.5
2026-04-23 13:31:01.178533,sreality,domy,Prosek,7,103579000.0,17263166.666666668,15945000.0,116451.25,157.85714285714286
2026-04-23 13:31:01.178533,sreality,domy,Písnice,4,91440000.0,30480000.0,29990000.0,84863.95,310.0
2026-04-23 13:31:01.178533,sreality,domy,Přední Kopanina,5,58530000.0,11706000.0,12600000.0,100800.0,143.0
2026-04-23 13:31:01.178533,sreality,domy,Radotín,14,284109000.0,21854538.46153846,18500000.0,112903.23,254.0
2026-04-23 13:31:01.178533,sreality,domy,Ruzyně,9,155400000.0,22200000.0,21980000.0,87375.0,231.33333333333334
2026-04-23 13:31:01.178533,sreality,domy,Satalice,13,250053999.0,19234923.0,19490000.0,121181.1,170.07692307692307
2026-04-23 13:31:01.178533,sreality,domy,Sedlec,3,3579000.0,1193000.0,1200000.0,28523.81,31.666666666666668
2026-04-23 13:31:01.178533,sreality,domy,Slivenec,9,202268000.0,25283500.0,27244500.0,96758.75,199.77777777777777
2026-04-23 13:31:01.178533,sreality,domy,Smíchov,16,587370000.0,36710625.0,38400000.0,139219.52000000002,270.625
2026-04-23 13:31:01.178533,sreality,domy,Staré Město,1,69000000.0,69000000.0,69000000.0,196022.73,352.0
2026-04-23 13:31:01.178533,sreality,domy,Stodůlky,14,348227900.0,26786761.53846154,28499000.0,110230.77,243.78571428571428
2026-04-23 13:31:01.178533,sreality,domy,Strašnice,17,381620000.0,22448235.29411765,21500000.0,148353.66,152.7058823529412
2026-04-23 13:31:01.178533,sreality,domy,Střešovice,6,101290000.0,33763333.333333336,34900000.0,176262.63,215.16666666666666
2026-04-23 13:31:01.178533,sreality,domy,Střížkov,2,29590000.0,14795000.0,14795000.0,153435.305,97.0
2026-04-23 13:31:01.178533,sreality,domy,Suchdol,13,213749000.0,19431727.272727273,20000000.0,109349.59,183.46153846153845
2026-04-23 13:31:01.178533,sreality,domy,Točná,19,426423525.0,23690195.833333332,26735000.0,144617.485,191.10526315789474
2026-04-23 13:31:01.178533,sreality,domy,Troja,4,110990000.0,55495000.0,55495000.0,203142.57,329.5
2026-04-23 13:31:01.178533,sreality,domy,Třebonice,2,34890000.0,17445000.0,17445000.0,128038.115,136.0
2026-04-23 13:31:01.178533,sreality,domy,Třeboradice,2,12500000.0,12500000.0,12500000.0,62500.0,175.0
2026-04-23 13:31:01.178533,sreality,domy,Uhříněves,12,229451000.0,20859181.818181816,19900000.0,85663.08,222.33333333333334
2026-04-23 13:31:01.178533,sreality,domy,Veleslavín,1,19900000.0,19900000.0,19900000.0,124375.0,160.0
2026-04-23 13:31:01.178533,sreality,domy,Velká Chuchle,8,215556000.0,30793714.285714287,38200000.0,131736.53,213.25
2026-04-23 13:31:01.178533,sreality,domy,Vinohrady,3,117799999.0,58899999.5,58899999.5,135884.355,432.3333333333333
2026-04-23 13:31:01.178533,sreality,domy,Vinoř,12,187849999.0,15654166.583333334,17125000.0,96115.12,167.08333333333334
2026-04-23 13:31:01.178533,sreality,domy,Vokovice,5,63800000.0,31900000.0,31900000.0,145791.16999999998,269.6
2026-04-23 13:31:01.178533,sreality,domy,Vysočany,6,99451000.0,16575166.666666666,2355500.0,62125.0,117.5
2026-04-23 13:31:01.178533,sreality,domy,Zadní Kopanina,1,8990000.0,8990000.0,8990000.0,86442.31,104.0
2026-04-23 13:31:01.178533,sreality,domy,Zbraslav,20,260959999.0,17397333.266666666,18990000.0,92857.14,200.75
2026-04-23 13:31:01.178533,sreality,domy,Zličín,3,74700000.0,24900000.0,24900000.0,98418.97,253.0
2026-04-23 13:31:01.178533,sreality,domy,Záběhlice,16,435069000.0,27191812.5,19850000.0,137161.775,217.625
2026-04-23 13:31:01.178533,sreality,domy,Újezd nad Lesy,25,377855000.0,16428478.260869564,16800000.0,93679.61,177.16
2026-04-23 13:31:01.178533,sreality,domy,Újezd u Průhonic,11,307330000.0,27939090.90909091,25990000.0,145678.39,214.45454545454547
2026-04-23 13:31:01.178533,sreality,domy,Čakovice,5,76200000.0,19050000.0,18850000.0,77572.015,220.6
2026-04-23 13:31:01.178533,sreality,domy,Černý Most,1,0.0,,,,260.0
2026-04-23 13:31:01.178533,sreality,domy,Čimice,6,111189000.0,22237800.0,22499000.0,101989.8,224.16666666666666
2026-04-23 13:31:01.178533,sreality,domy,Ďáblice,10,149160724.0,18645090.5,16827432.0,120222.985,189.8
2026-04-23 13:31:01.178533,sreality,domy,Řeporyje,13,182458000.0,20273111.111111112,20000000.0,134214.29,145.69230769230768
2026-04-23 13:31:01.178533,sreality,domy,Řepy,6,118770000.0,19795000.0,20995000.0,90939.695,238.66666666666666
2026-04-23 13:31:01.178533,sreality,domy,Šeberov,7,167738999.0,23962714.14285714,25000000.0,112899.19,280.85714285714283
2026-04-23 13:31:01.178533,sreality,domy,Štěrboholy,4,111390000.0,27847500.0,27245000.0,122728.1,222.5
2026-04-23 13:31:01.178533,sreality,domy,Žižkov,4,60490000.0,20163333.333333332,19500000.0,168103.45,167.25
2026-04-23 13:31:01.178533,sreality,komercni prostory,Benice,1,32950000.0,32950000.0,32950000.0,76097.0,433.0
2026-04-23 13:31:01.178533,sreality,komercni prostory,Bohnice,7,9194673.0,1313524.7142857143,962000.0,51826.67,20.142857142857142
2026-04-23 13:31:01.178533,sreality,komercni prostory,Braník,7,282427945.0,40346849.28571428,49228790.0,112394.5,431.14285714285717
2026-04-23 13:31:01.178533,sreality,komercni prostory,Bubeneč,4,24180000.0,8060000.0,7200000.0,45000.0,1081.5
2026-04-23 13:31:01.178533,sreality,komercni prostory,Běchovice,1,37999999.0,37999999.0,37999999.0,12764.53,2977.0
2026-04-23 13:31:01.178533,sreality,komercni prostory,Břevnov,8,123572000.0,17653142.85714286,12850000.0,124757.28,176.0
2026-04-23 13:31:01.178533,sreality,komercni prostory,Chodov,6,69287334.0,13857466.8,8771290.0,140196.96,1909.0
2026-04-23 13:31:01.178533,sreality,komercni prostory,Dejvice,1,16990000.0,16990000.0,16990000.0,186703.3,91.0
2026-04-23 13:31:01.178533,sreality,komercni prostory,Dolní Chabry,3,48000000.0,16000000.0,16000000.0,44568.25,359.0
2026-04-23 13:31:01.178533,sreality,komercni prostory,Dolní Měcholupy,1,18000000.0,18000000.0,18000000.0,32727.27,550.0
2026-04-23 13:31:01.178533,sreality,komercni prostory,Dolní Počernice,1,9550506.0,9550506.0,9550506.0,94559.47,101.0
2026-04-23 13:31:01.178533,sreality,komercni prostory,Dubeč,1,0.0,,,,72.0
2026-04-23 13:31:01.178533,sreality,komercni prostory,Hloubětín,3,14140000.0,4713333.333333333,4100000.0,107638.89,100.0
2026-04-23 13:31:01.178533,sreality,komercni prostory,Hlubočepy,15,287874810.0,23989567.5,12136000.0,117378.36,185.53333333333333
2026-04-23 13:31:01.178533,sreality,komercni prostory,Hodkovičky,1,0.0,,,,462.0
2026-04-23 13:31:01.178533,sreality,komercni prostory,Holešovice,11,85248000.0,8524800.0,4350000.0,90163.935,227.72727272727272
2026-04-23 13:31:01.178533,sreality,komercni prostory,Horní Měcholupy,3,15336000.0,5112000.0,6536000.0,75000.0,153.0
2026-04-23 13:31:01.178533,sreality,komercni prostory,Horní Počernice,7,123982000.0,20663666.666666668,14500000.0,65565.475,373.14285714285717
2026-04-23 13:31:01.178533,sreality,komercni prostory,Hostavice,1,7354958.0,7354958.0,7354958.0,73549.58,100.0
2026-04-23 13:31:01.178533,sreality,komercni prostory,Hostivař,7,120177000.0,17168142.85714286,13499000.0,117948.72,165.71428571428572
2026-04-23 13:31:01.178533,sreality,komercni prostory,Hrdlořezy,1,0.0,,,,231.0
2026-04-23 13:31:01.178533,sreality,komercni prostory,Háje,2,74655000.0,37327500.0,37327500.0,55640.08,775.0
2026-04-23 13:31:01.178533,sreality,komercni prostory,Jinonice,2,54405750.0,54405750.0,54405750.0,103630.0,376.0
2026-04-23 13:31:01.178533,sreality,komercni prostory,Kamýk,1,27900000.0,27900000.0,27900000.0,77500.0,360.0
2026-04-23 13:31:01.178533,sreality,komercni prostory,Karlín,10,293893117.0,36736639.625,20367058.5,153866.24,198.9
2026-04-23 13:31:01.178533,sreality,komercni prostory,Kbely,1,0.0,,,,392.0
2026-04-23 13:31:01.178533,sreality,komercni prostory,Kobylisy,1,19990000.0,19990000.0,19990000.0,80281.12,249.0
2026-04-23 13:31:01.178533,sreality,komercni prostory,Koloděje,1,19950000.0,19950000.0,19950000.0,59198.81,337.0
2026-04-23 13:31:01.178533,sreality,komercni prostory,Kolovraty,1,8490000.0,8490000.0,8490000.0,46648.35,182.0
2026-04-23 13:31:01.178533,sreality,komercni prostory,Komořany,1,80000000.0,80000000.0,80000000.0,181818.18,440.0
2026-04-23 13:31:01.178533,sreality,komercni prostory,Košíře,9,104150000.0,13018750.0,8295000.0,111474.735,144.22222222222223
2026-04-23 13:31:01.178533,sreality,komercni prostory,Krč,2,23195000.0,11597500.0,11597500.0,57250.604999999996,207.5
2026-04-23 13:31:01.178533,sreality,komercni prostory,Kunratice,2,72490000.0,36245000.0,36245000.0,64548.765,513.0
2026-04-23 13:31:01.178533,sreality,komercni prostory,Kyje,1,20730000.0,20730000.0,20730000.0,96418.6,215.0
2026-04-23 13:31:01.178533,sreality,komercni prostory,Lahovice,3,95700000.0,31900000.0,31900000.0,64837.4,492.0
2026-04-23 13:31:01.178533,sreality,komercni prostory,Letňany,2,8715000.0,4357500.0,4357500.0,128147.06,33.0
2026-04-23 13:31:01.178533,sreality,komercni prostory,Lhotka,1,4650000.0,4650000.0,4650000.0,15979.38,291.0
2026-04-23 13:31:01.178533,sreality,komercni prostory,Libeň,17,503577000.0,31473562.5,17400000.0,66020.555,476.29411764705884
2026-04-23 13:31:01.178533,sreality,komercni prostory,Libuš,2,51990000.0,25995000.0,25995000.0,104958.63,257.0
2026-04-23 13:31:01.178533,sreality,komercni prostory,Lipence,1,0.0,,,,958.0
2026-04-23 13:31:01.178533,sreality,komercni prostory,Lysolaje,2,60000000.0,30000000.0,30000000.0,71428.57,420.0
2026-04-23 13:31:01.178533,sreality,komercni prostory,Malešice,1,29990000.0,29990000.0,29990000.0,183987.73,163.0
2026-04-23 13:31:01.178533,sreality,komercni prostory,Malá Strana,4,26990000.0,13495000.0,13495000.0,104552.63,656.5
2026-04-23 13:31:01.178533,sreality,komercni prostory,Michle,14,216000000.0,18000000.0,20725000.0,92965.155,226.21428571428572
2026-04-23 13:31:01.178533,sreality,komercni prostory,Modřany,8,114720000.0,22944000.0,12500000.0,105042.02,178.5
2026-04-23 13:31:01.178533,sreality,komercni prostory,Motol,2,22970000.0,11485000.0,11485000.0,76301.11,150.0
2026-04-23 13:31:01.178533,sreality,komercni prostory,Nové Město,26,741016600.0,35286504.76190476,24880000.0,111071.43,635.4615384615385
2026-04-23 13:31:01.178533,sreality,komercni prostory,Nusle,14,324042000.0,23145857.14285714,7550500.0,105981.995,255.85714285714286
2026-04-23 13:31:01.178533,sreality,komercni prostory,Petrovice,5,112000000.0,56000000.0,56000000.0,61111.0,647.4
2026-04-23 13:31:01.178533,sreality,komercni prostory,Podolí,3,62700000.0,20900000.0,19900000.0,95215.31,236.0
2026-04-23 13:31:01.178533,sreality,komercni prostory,Praha - Ostatní,6,0.0,,,,1293.6666666666667
2026-04-23 13:31:01.178533,sreality,komercni prostory,Praha 1,1,0.0,,,,818.0
2026-04-23 13:31:01.178533,sreality,komercni prostory,Praha 14,1,14420000.0,14420000.0,14420000.0,103741.01,139.0
2026-04-23 13:31:01.178533,sreality,komercni prostory,Praha 2,5,2110000000.0,2110000000.0,2110000000.0,2078817.73,6213.0
2026-04-23 13:31:01.178533,sreality,komercni prostory,Praha 25,1,25500000.0,25500000.0,25500000.0,96226.42,265.0
2026-04-23 13:31:01.178533,sreality,komercni prostory,Praha 28,1,28900000.0,28900000.0,28900000.0,167052.02,173.0
2026-04-23 13:31:01.178533,sreality,komercni prostory,Praha 4,1,0.0,,,,1350.0
2026-04-23 13:31:01.178533,sreality,komercni prostory,Praha 62,1,62500000.0,62500000.0,62500000.0,5511.95,11339.0
2026-04-23 13:31:01.178533,sreality,komercni prostory,Praha 75,1,75000000.0,75000000.0,75000000.0,55555.56,1350.0
2026-04-23 13:31:01.178533,sreality,komercni prostory,Praha 8,1,855000000.0,855000000.0,855000000.0,1050368.55,814.0
2026-04-23 13:31:01.178533,sreality,komercni prostory,Praha 99,1,99000000.0,99000000.0,99000000.0,120437.96,822.0
2026-04-23 13:31:01.178533,sreality,komercni prostory,Prosek,1,11490000.0,11490000.0,11490000.0,127666.67,90.0
2026-04-23 13:31:01.178533,sreality,komercni prostory,Písnice,1,36500000.0,36500000.0,36500000.0,73293.17,498.0
2026-04-23 13:31:01.178533,sreality,komercni prostory,Radlice,1,4500000.0,4500000.0,4500000.0,19565.22,230.0
2026-04-23 13:31:01.178533,sreality,komercni prostory,Radotín,5,71643931.0,14328786.2,13045131.0,98083.69,214.2
2026-04-23 13:31:01.178533,sreality,komercni prostory,Ruzyně,2,0.0,,,,1048.0
2026-04-23 13:31:01.178533,sreality,komercni prostory,Satalice,1,19999999.0,19999999.0,19999999.0,102564.1,195.0
2026-04-23 13:31:01.178533,sreality,komercni prostory,Slivenec,1,0.0,,,,10280.0
2026-04-23 13:31:01.178533,sreality,komercni prostory,Smíchov,34,522491323.0,18016942.172413792,12900000.0,113181.82,308.7647058823529
2026-04-23 13:31:01.178533,sreality,komercni prostory,Staré Město,9,114694000.0,19115666.666666668,6411000.0,369666.67,213.88888888888889
2026-04-23 13:31:01.178533,sreality,komercni prostory,Stodůlky,8,97437100.0,13919585.714285715,16950000.0,103630.0,153.75
2026-04-23 13:31:01.178533,sreality,komercni prostory,Strašnice,8,155714000.0,19464250.0,18532000.0,101612.905,215.75
2026-04-23 13:31:01.178533,sreality,komercni prostory,Střešovice,1,12500000.0,12500000.0,12500000.0,100000.0,125.0
2026-04-23 13:31:01.178533,sreality,komercni prostory,Střížkov,2,55980000.0,27990000.0,27990000.0,104541.875,351.5
2026-04-23 13:31:01.178533,sreality,komercni prostory,Suchdol,3,15729200.0,5243066.666666667,5390000.0,145200.0,42.666666666666664
2026-04-23 13:31:01.178533,sreality,komercni prostory,Točná,1,0.0,,,,26545.0
2026-04-23 13:31:01.178533,sreality,komercni prostory,Troja,4,40640000.0,13546666.666666666,10990000.0,100825.69,165.25
2026-04-23 13:31:01.178533,sreality,komercni prostory,Uhříněves,8,37200000.0,6200000.0,2290000.0,8547.52,792.375
2026-04-23 13:31:01.178533,sreality,komercni prostory,Veleslavín,2,47980000.0,23990000.0,23990000.0,49771.78,482.0
2026-04-23 13:31:01.178533,sreality,komercni prostory,Vinohrady,23,207649700.0,9888080.952380951,6848000.0,124722.22,202.04347826086956
2026-04-23 13:31:01.178533,sreality,komercni prostory,Vinoř,7,112150920.0,18691820.0,20217390.0,105642.035,286.0
2026-04-23 13:31:01.178533,sreality,komercni prostory,Vršovice,18,129439830.0,8089989.375,7185000.0,99598.825,174.27777777777777
2026-04-23 13:31:01.178533,sreality,komercni prostory,Vysočany,18,310490584.0,18264152.0,14705000.0,94245.28,194.83333333333334
2026-04-23 13:31:01.178533,sreality,komercni prostory,Zbraslav,4,62789000.0,15697250.0,16650000.0,98852.08499999999,164.0
2026-04-23 13:31:01.178533,sreality,komercni prostory,Újezd nad Lesy,1,14990000.0,14990000.0,14990000.0,59960.0,250.0
2026-04-23 13:31:01.178533,sreality,komercni prostory,Čakovice,6,68400000.0,22800000.0,17800000.0,40598.29,1463.3333333333333
2026-04-23 13:31:01.178533,sreality,komercni prostory,Černý Most,3,32840000.0,10946666.666666666,11000000.0,161000.0,125.33333333333333
2026-04-23 13:31:01.178533,sreality,komercni prostory,Ďáblice,2,34997000.0,34997000.0,34997000.0,74461.7,1175.0
2026-04-23 13:31:01.178533,sreality,komercni prostory,Řepy,1,0.0,,,,375.0
2026-04-23 13:31:01.178533,sreality,komercni prostory,Štěrboholy,1,34990000.0,34990000.0,34990000.0,174950.0,200.0
2026-04-23 13:31:01.178533,sreality,komercni prostory,Žižkov,32,519772172.0,16766844.258064516,12950000.0,106796.88,148.5
2026-04-23 13:31:01.178533,sreality,ostatni,Bohnice,2,1499000.0,749500.0,749500.0,38586.11,19.0
2026-04-23 13:31:01.178533,sreality,ostatni,Braník,2,2480000.0,1240000.0,1240000.0,66398.81,19.0
2026-04-23 13:31:01.178533,sreality,ostatni,Bubeneč,2,960000.0,960000.0,960000.0,60000.0,20.5
2026-04-23 13:31:01.178533,sreality,ostatni,Běchovice,3,1189000.0,594500.0,594500.0,43791.665,13.666666666666666
2026-04-23 13:31:01.178533,sreality,ostatni,Břevnov,3,4610000.0,1536666.6666666667,1850000.0,110588.24,17.0
2026-04-23 13:31:01.178533,sreality,ostatni,Březiněves,3,5210000.0,1736666.6666666667,1460000.0,37432.43,45.666666666666664
2026-04-23 13:31:01.178533,sreality,ostatni,Chodov,8,11829000.0,1478625.0,1550000.0,91176.47,14.875
2026-04-23 13:31:01.178533,sreality,ostatni,Dejvice,9,23277000.0,2586333.3333333335,899000.0,56363.64,25.333333333333332
2026-04-23 13:31:01.178533,sreality,ostatni,Dolní Měcholupy,3,1248000.0,416000.0,360000.0,24000.0,16.333333333333332
2026-04-23 13:31:01.178533,sreality,ostatni,Dubeč,1,799000.0,799000.0,799000.0,61461.54,13.0
2026-04-23 13:31:01.178533,sreality,ostatni,Hloubětín,2,1990000.0,995000.0,995000.0,75208.33499999999,14.0
2026-04-23 13:31:01.178533,sreality,ostatni,Hlubočepy,5,3915200.0,978800.0,770000.0,51703.3,189.0
2026-04-23 13:31:01.178533,sreality,ostatni,Hodkovičky,2,1389500.0,694750.0,694750.0,55334.935,12.5
2026-04-23 13:31:01.178533,sreality,ostatni,Holešovice,1,1700000.0,1700000.0,1700000.0,37777.78,45.0
2026-04-23 13:31:01.178533,sreality,ostatni,Horní Měcholupy,2,2780000.0,1390000.0,1390000.0,94523.81,14.5
2026-04-23 13:31:01.178533,sreality,ostatni,Hostivař,3,1930000.0,643333.3333333334,640000.0,30000.0,19.0
2026-04-23 13:31:01.178533,sreality,ostatni,Hrdlořezy,1,249260.0,249260.0,249260.0,24926.0,10.0
2026-04-23 13:31:01.178533,sreality,ostatni,Háje,1,710000.0,710000.0,710000.0,71000.0,10.0
2026-04-23 13:31:01.178533,sreality,ostatni,Jinonice,1,800000.0,800000.0,800000.0,42105.26,19.0
2026-04-23 13:31:01.178533,sreality,ostatni,Karlín,1,1190000.0,1190000.0,1190000.0,198333.33,6.0
2026-04-23 13:31:01.178533,sreality,ostatni,Kbely,9,5638000.0,626444.4444444445,650000.0,36111.11,16.77777777777778
2026-04-23 13:31:01.178533,sreality,ostatni,Košíře,2,940000.0,470000.0,470000.0,36955.125,12.5
2026-04-23 13:31:01.178533,sreality,ostatni,Krč,1,1650000.0,1650000.0,1650000.0,82500.0,20.0
2026-04-23 13:31:01.178533,sreality,ostatni,Kunratice,3,2420000.0,806666.6666666666,850000.0,60000.0,13.0
2026-04-23 13:31:01.178533,sreality,ostatni,Libeň,6,5533000.0,1106600.0,680000.0,48571.43,18.0
2026-04-23 13:31:01.178533,sreality,ostatni,Liboc,1,1290000.0,1290000.0,1290000.0,34864.86,37.0
2026-04-23 13:31:01.178533,sreality,ostatni,Malešice,2,2990000.0,1495000.0,1495000.0,56607.145000000004,26.5
2026-04-23 13:31:01.178533,sreality,ostatni,Michle,6,5039000.0,839833.3333333334,615000.0,39642.854999999996,17.0
2026-04-23 13:31:01.178533,sreality,ostatni,Modřany,3,5100700.0,1700233.3333333333,921000.0,70846.15,22.666666666666668
2026-04-23 13:31:01.178533,sreality,ostatni,Motol,4,2680000.0,670000.0,550000.0,45555.555,14.0
2026-04-23 13:31:01.178533,sreality,ostatni,Nové Město,3,52390000.0,26195000.0,26195000.0,148392.86,195.33333333333334
2026-04-23 13:31:01.178533,sreality,ostatni,Nusle,6,4832000.0,805333.3333333334,430000.0,41527.775,10.0
2026-04-23 13:31:01.178533,sreality,ostatni,Podolí,4,2830000.0,707500.0,710000.0,61212.12,11.5
2026-04-23 13:31:01.178533,sreality,ostatni,Praha - Ostatní,1,0.0,,,,40.0
2026-04-23 13:31:01.178533,sreality,ostatni,Praha 160,1,160000.0,160000.0,160000.0,80000.0,2.0
2026-04-23 13:31:01.178533,sreality,ostatni,Praha 2,1,2300000.0,2300000.0,2300000.0,32857.14,70.0
2026-04-23 13:31:01.178533,sreality,ostatni,Praha 3,1,3600000.0,3600000.0,3600000.0,240000.0,15.0
2026-04-23 13:31:01.178533,sreality,ostatni,Praha 395,1,395000.0,395000.0,395000.0,35909.09,11.0
2026-04-23 13:31:01.178533,sreality,ostatni,Praha 398,1,398868.0,398868.0,398868.0,30682.15,13.0
2026-04-23 13:31:01.178533,sreality,ostatni,Praha 4,1,41190000.0,41190000.0,41190000.0,2288333.33,18.0
2026-04-23 13:31:01.178533,sreality,ostatni,Praha 5,1,5450000.0,5450000.0,5450000.0,272500.0,20.0
2026-04-23 13:31:01.178533,sreality,ostatni,Praha 550,1,550000.0,550000.0,550000.0,50000.0,11.0
2026-04-23 13:31:01.178533,sreality,ostatni,Praha 650,1,650000.0,650000.0,650000.0,43333.33,15.0
2026-04-23 13:31:01.178533,sreality,ostatni,Praha 700,1,700000.0,700000.0,700000.0,46666.67,15.0
2026-04-23 13:31:01.178533,sreality,ostatni,Praha 755,2,1510000.0,755000.0,755000.0,50333.33,15.0
2026-04-23 13:31:01.178533,sreality,ostatni,Praha 955,1,955000.0,955000.0,955000.0,45476.19,21.0
2026-04-23 13:31:01.178533,sreality,ostatni,Písnice,1,990000.0,990000.0,990000.0,70714.29,14.0
2026-04-23 13:31:01.178533,sreality,ostatni,Radlice,1,6900000.0,6900000.0,6900000.0,123214.29,56.0
2026-04-23 13:31:01.178533,sreality,ostatni,Radotín,1,1490000.0,1490000.0,1490000.0,78421.05,19.0
2026-04-23 13:31:01.178533,sreality,ostatni,Satalice,2,880000.0,440000.0,440000.0,31428.57,14.0
2026-04-23 13:31:01.178533,sreality,ostatni,Smíchov,7,14088999.0,2012714.142857143,1399000.0,57307.69,23.142857142857142
2026-04-23 13:31:01.178533,sreality,ostatni,Sobín,1,570000.0,570000.0,570000.0,47500.0,12.0
2026-04-23 13:31:01.178533,sreality,ostatni,Stodůlky,4,3535000.0,883750.0,675000.0,75416.66500000001,11.25
2026-04-23 13:31:01.178533,sreality,ostatni,Strašnice,6,5728000.0,954666.6666666666,849500.0,58536.765,14.166666666666666
2026-04-23 13:31:01.178533,sreality,ostatni,Střížkov,9,4907000.0,545222.2222222222,489000.0,30555.56,14.666666666666666
2026-04-23 13:31:01.178533,sreality,ostatni,Suchdol,1,680000.0,680000.0,680000.0,48571.43,14.0
2026-04-23 13:31:01.178533,sreality,ostatni,Točná,1,920000.0,920000.0,920000.0,61333.33,15.0
2026-04-23 13:31:01.178533,sreality,ostatni,Troja,8,9003689.0,1125461.125,1223500.0,71127.455,16.125
2026-04-23 13:31:01.178533,sreality,ostatni,Uhříněves,1,699900.0,699900.0,699900.0,46660.0,15.0
2026-04-23 13:31:01.178533,sreality,ostatni,Veleslavín,2,1830000.0,915000.0,915000.0,48111.11,19.0
2026-04-23 13:31:01.178533,sreality,ostatni,Vinohrady,2,3050000.0,1525000.0,1525000.0,142916.66499999998,9.5
2026-04-23 13:31:01.178533,sreality,ostatni,Vokovice,1,1550000.0,1550000.0,1550000.0,91176.47,17.0
2026-04-23 13:31:01.178533,sreality,ostatni,Vršovice,4,3430000.0,857500.0,820000.0,60833.335,15.0
2026-04-23 13:31:01.178533,sreality,ostatni,Vysočany,7,5796000.0,966000.0,774000.0,48541.67,14.857142857142858
2026-04-23 13:31:01.178533,sreality,ostatni,Vyšehrad,1,3000000.0,3000000.0,3000000.0,750000.0,4.0
2026-04-23 13:31:01.178533,sreality,ostatni,Zbraslav,2,1139000.0,569500.0,569500.0,35122.01,15.0
2026-04-23 13:31:01.178533,sreality,ostatni,Záběhlice,6,7629000.0,1271500.0,770000.0,33194.445,34.666666666666664
2026-04-23 13:31:01.178533,sreality,ostatni,Újezd u Průhonic,1,690000.0,690000.0,690000.0,36315.79,19.0
2026-04-23 13:31:01.178533,sreality,ostatni,Čakovice,3,1589000.0,529666.6666666666,550000.0,27500.0,19.0
2026-04-23 13:31:01.178533,sreality,ostatni,Černý Most,1,630000.0,630000.0,630000.0,52500.0,12.0
2026-04-23 13:31:01.178533,sreality,ostatni,Řepy,2,1510000.0,1510000.0,1510000.0,75500.0,19.0
2026-04-23 13:31:01.178533,sreality,ostatni,Štěrboholy,2,1039000.0,519500.0,519500.0,38615.384999999995,13.5
2026-04-23 13:31:01.178533,sreality,ostatni,Žižkov,14,43593000.0,3113785.714285714,1320000.0,86717.95,49.785714285714285
2026-04-23 13:31:01.178533,sreality,pozemky,Benice,4,14009974.0,3502493.5,2385372.0,222.1,5621.25
2026-04-23 13:31:01.178533,sreality,pozemky,Bohnice,3,5540946.0,1846982.0,2200000.0,1833.33,5211.0
2026-04-23 13:31:01.178533,sreality,pozemky,Braník,6,159560000.0,26593333.333333332,24250000.0,41152.835,650.8333333333334
2026-04-23 13:31:01.178533,sreality,pozemky,Bubeneč,1,4185310.0,4185310.0,4185310.0,778.95,5373.0
2026-04-23 13:31:01.178533,sreality,pozemky,Běchovice,6,233309000.0,38884833.333333336,14244500.0,13081.82,5070.166666666667
2026-04-23 13:31:01.178533,sreality,pozemky,Břevnov,2,71000000.0,35500000.0,35500000.0,18437.455,3029.0
2026-04-23 13:31:01.178533,sreality,pozemky,Cholupice,1,11998200.0,11998200.0,11998200.0,15643.02,767.0
2026-04-23 13:31:01.178533,sreality,pozemky,Dejvice,5,27165310.0,9055103.333333334,7990000.0,10165.39,7764.8
2026-04-23 13:31:01.178533,sreality,pozemky,Dolní Chabry,7,101280000.0,16880000.0,16990000.0,19856.785,3893.8571428571427
2026-04-23 13:31:01.178533,sreality,pozemky,Dolní Měcholupy,1,25165000.0,25165000.0,25165000.0,35000.0,719.0
2026-04-23 13:31:01.178533,sreality,pozemky,Dolní Počernice,7,87400800.0,12485828.57142857,11690000.0,25031.89,511.85714285714283
2026-04-23 13:31:01.178533,sreality,pozemky,Dubeč,7,67100500.0,9585785.714285715,9439000.0,6625.89,1909.4285714285713
2026-04-23 13:31:01.178533,sreality,pozemky,Hloubětín,3,26156000.0,13078000.0,13078000.0,12531.01,1342.0
2026-04-23 13:31:01.178533,sreality,pozemky,Hlubočepy,11,143992759.0,14399275.9,5620329.5,415.19,12020.454545454546
2026-04-23 13:31:01.178533,sreality,pozemky,Hodkovičky,3,54231500.0,27115750.0,27115750.0,27750.0,1211.0
2026-04-23 13:31:01.178533,sreality,pozemky,Holyně,1,0.0,,,,595.0
2026-04-23 13:31:01.178533,sreality,pozemky,Horní Měcholupy,1,49900000.0,49900000.0,49900000.0,7039.07,7089.0
2026-04-23 13:31:01.178533,sreality,pozemky,Horní Počernice,12,188744200.0,15728683.333333334,13177500.0,15000.0,2193.3333333333335
2026-04-23 13:31:01.178533,sreality,pozemky,Hostavice,2,11645369.0,5822684.5,5822684.5,16600.12,2016.0
2026-04-23 13:31:01.178533,sreality,pozemky,Hostivař,2,13490000.0,13490000.0,13490000.0,43656.96,1514.0
2026-04-23 13:31:01.178533,sreality,pozemky,Hrdlořezy,2,3640000.0,3640000.0,3640000.0,8445.48,1714.5
2026-04-23 13:31:01.178533,sreality,pozemky,Háje,2,19500000.0,19500000.0,19500000.0,16956.52,7193.5
2026-04-23 13:31:01.178533,sreality,pozemky,Jinonice,3,16985000.0,8492500.0,8492500.0,10415.24,1368.3333333333333
2026-04-23 13:31:01.178533,sreality,pozemky,Kbely,1,15470000.0,15470000.0,15470000.0,17284.92,895.0
2026-04-23 13:31:01.178533,sreality,pozemky,Klánovice,9,151834000.0,16870444.444444444,13787000.0,15738.5,1194.4444444444443
2026-04-23 13:31:01.178533,sreality,pozemky,Kobylisy,2,0.0,,,,3817.0
2026-04-23 13:31:01.178533,sreality,pozemky,Koloděje,6,53028700.0,10605740.0,9490000.0,9490.0,5277.0
2026-04-23 13:31:01.178533,sreality,pozemky,Kolovraty,7,74235000.0,10605000.0,9800000.0,2195.57,7935.857142857143
2026-04-23 13:31:01.178533,sreality,pozemky,Komořany,1,0.0,,,,4985.0
2026-04-23 13:31:01.178533,sreality,pozemky,Košíře,1,0.0,,,,1429.0
2026-04-23 13:31:01.178533,sreality,pozemky,Královice,3,22569000.0,11284500.0,11284500.0,445.455,12910.0
2026-04-23 13:31:01.178533,sreality,pozemky,Krč,2,97300000.0,48650000.0,48650000.0,39627.81,1344.5
2026-04-23 13:31:01.178533,sreality,pozemky,Kunratice,10,195471200.0,21719022.222222224,21990000.0,23359.89,3919.0
2026-04-23 13:31:01.178533,sreality,pozemky,Kyje,5,47900000.0,11975000.0,12250000.0,29213.129999999997,1064.0
2026-04-23 13:31:01.178533,sreality,pozemky,Křeslice,5,110370000.0,22074000.0,24990000.0,17500.0,1401.8
2026-04-23 13:31:01.178533,sreality,pozemky,Lahovice,1,19900000.0,19900000.0,19900000.0,1837.83,10828.0
2026-04-23 13:31:01.178533,sreality,pozemky,Letňany,1,2534125.0,2534125.0,2534125.0,2375.0,1067.0
2026-04-23 13:31:01.178533,sreality,pozemky,Lhotka,1,18900000.0,18900000.0,18900000.0,34301.27,551.0
2026-04-23 13:31:01.178533,sreality,pozemky,Libeň,4,34585000.0,11528333.333333334,10400000.0,47231.27,398.25
2026-04-23 13:31:01.178533,sreality,pozemky,Liboc,3,300000.0,300000.0,300000.0,1382.49,8471.0
2026-04-23 13:31:01.178533,sreality,pozemky,Libuš,1,690000.0,690000.0,690000.0,15681.82,44.0
2026-04-23 13:31:01.178533,sreality,pozemky,Lipence,28,139292050.0,5357386.538461538,1485527.5,209.305,4120.214285714285
2026-04-23 13:31:01.178533,sreality,pozemky,Lochkov,2,13490000.0,13490000.0,13490000.0,19134.75,1127.5
2026-04-23 13:31:01.178533,sreality,pozemky,Lysolaje,2,44000000.0,22000000.0,22000000.0,19042.65,1161.0
2026-04-23 13:31:01.178533,sreality,pozemky,Malešice,2,49150000.0,24575000.0,24575000.0,49922.57,463.5
2026-04-23 13:31:01.178533,sreality,pozemky,Michle,5,62979000.0,20993000.0,20999000.0,40538.61,659.0
2026-04-23 13:31:01.178533,sreality,pozemky,Modřany,10,270651750.0,38664535.71428572,30150000.0,29940.42,3673.2
2026-04-23 13:31:01.178533,sreality,pozemky,Nebušice,2,40270000.0,20135000.0,20135000.0,21810.09,924.5
2026-04-23 13:31:01.178533,sreality,pozemky,Nedvězí u Říčan,1,87446.0,87446.0,87446.0,33.3,2626.0
2026-04-23 13:31:01.178533,sreality,pozemky,Petrovice,1,0.0,,,,38977.0
2026-04-23 13:31:01.178533,sreality,pozemky,Pitkovice,4,117781442.0,29445360.5,26686721.0,2178.2749999999996,11847.75
2026-04-23 13:31:01.178533,sreality,pozemky,Praha - Ostatní,7,0.0,,,,2646.285714285714
2026-04-23 13:31:01.178533,sreality,pozemky,Praha 1,4,5483420.0,1370855.0,1332210.0,305.0,6855.75
2026-04-23 13:31:01.178533,sreality,pozemky,Praha 10,1,10390000.0,10390000.0,10390000.0,53010.2,196.0
2026-04-23 13:31:01.178533,sreality,pozemky,Praha 12,3,38187000.0,12729000.0,12642000.0,13645.94,872.3333333333334
2026-04-23 13:31:01.178533,sreality,pozemky,Praha 13,1,1351000000.0,1351000000.0,1351000000.0,2266778.52,596.0
2026-04-23 13:31:01.178533,sreality,pozemky,Praha 149,1,149000000.0,149000000.0,149000000.0,16573.97,8990.0
2026-04-23 13:31:01.178533,sreality,pozemky,Praha 15,3,46575000.0,15525000.0,15675000.0,22585.23,761.3333333333334
2026-04-23 13:31:01.178533,sreality,pozemky,Praha 16,1,1615200000.0,1615200000.0,1615200000.0,1615200.0,1000.0
2026-04-23 13:31:01.178533,sreality,pozemky,Praha 18,2,37598150.0,18799075.0,18799075.0,3748.0,19757.0
2026-04-23 13:31:01.178533,sreality,pozemky,Praha 19,3,59338000.0,19779333.333333332,19900000.0,3536.28,7513.333333333333
2026-04-23 13:31:01.178533,sreality,pozemky,Praha 2,2,5248000.0,2624000.0,2624000.0,2650.0,1088.5
2026-04-23 13:31:01.178533,sreality,pozemky,Praha 20,9,1449889100.0,161098788.8888889,201068900.0,186406.81,1727.3333333333333
2026-04-23 13:31:01.178533,sreality,pozemky,Praha 23,1,23011500.0,23011500.0,23011500.0,17250.0,1334.0
2026-04-23 13:31:01.178533,sreality,pozemky,Praha 27,1,27139000.0,27139000.0,27139000.0,2958.25,9174.0
2026-04-23 13:31:01.178533,sreality,pozemky,Praha 3,2,7100000.0,3550000.0,3550000.0,252.055,14313.5
2026-04-23 13:31:01.178533,sreality,pozemky,Praha 39,1,39490000.0,39490000.0,39490000.0,7940.88,4973.0
2026-04-23 13:31:01.178533,sreality,pozemky,Praha 4,2,54449000.0,27224500.0,27224500.0,38796.375,15231.0
2026-04-23 13:31:01.178533,sreality,pozemky,Praha 5,2,5380000.0,5380000.0,5380000.0,5000.0,1138.0
2026-04-23 13:31:01.178533,sreality,pozemky,Praha 50,1,50000000.0,50000000.0,50000000.0,8404.77,5949.0
2026-04-23 13:31:01.178533,sreality,pozemky,Praha 6,3,13593000.0,6796500.0,6796500.0,20342.845,694.3333333333334
2026-04-23 13:31:01.178533,sreality,pozemky,Praha 62,1,62500000.0,62500000.0,62500000.0,5511.95,11339.0
2026-04-23 13:31:01.178533,sreality,pozemky,Praha 7,2,14890000.0,7445000.0,7445000.0,5706.675,1777.5
2026-04-23 13:31:01.178533,sreality,pozemky,Praha 8,8,5851990000.0,731498750.0,818945000.0,751301.1599999999,1137.0
2026-04-23 13:31:01.178533,sreality,pozemky,Praha 84,1,84100000.0,84100000.0,84100000.0,5276.37,15939.0
2026-04-23 13:31:01.178533,sreality,pozemky,Praha 90,1,90001110.0,90001110.0,90001110.0,1146.0,78535.0
2026-04-23 13:31:01.178533,sreality,pozemky,Praha-Lipence,1,11994500.0,11994500.0,11994500.0,14900.0,805.0
2026-04-23 13:31:01.178533,sreality,pozemky,Praha-Přední Kopanina,1,3490000.0,3490000.0,3490000.0,2867.71,1217.0
2026-04-23 13:31:01.178533,sreality,pozemky,Praha-Slivenec,1,2180000.0,2180000.0,2180000.0,3343.56,652.0
2026-04-23 13:31:01.178533,sreality,pozemky,Praha-Vinoř,1,6467650.0,6467650.0,6467650.0,350.0,18479.0
2026-04-23 13:31:01.178533,sreality,pozemky,Praha-Zličín,2,18868000.0,9434000.0,9434000.0,3054.08,3866.5
2026-04-23 13:31:01.178533,sreality,pozemky,Praha-Štěrboholy,1,384960.0,384960.0,384960.0,802.0,480.0
2026-04-23 13:31:01.178533,sreality,pozemky,Písnice,1,3590000.0,3590000.0,3590000.0,313.26,11460.0
2026-04-23 13:31:01.178533,sreality,pozemky,Přední Kopanina,4,169410000.0,42352500.0,43240000.0,26996.295,1403.5
2026-04-23 13:31:01.178533,sreality,pozemky,Radotín,13,189496500.0,15791375.0,16235000.0,15315.14,3203.4615384615386
2026-04-23 13:31:01.178533,sreality,pozemky,Ruzyně,1,14990000.0,14990000.0,14990000.0,21023.84,713.0
2026-04-23 13:31:01.178533,sreality,pozemky,Sedlec,3,18975000.0,6325000.0,6000000.0,2044.17,2175.3333333333335
2026-04-23 13:31:01.178533,sreality,pozemky,Slivenec,7,88770000.0,17754000.0,20880000.0,10545.45,3231.1428571428573
2026-04-23 13:31:01.178533,sreality,pozemky,Smíchov,4,139800000.0,46600000.0,39900000.0,61574.07,597.25
2026-04-23 13:31:01.178533,sreality,pozemky,Sobín,2,3855026.0,1927513.0,1927513.0,181.85,10269.5
2026-04-23 13:31:01.178533,sreality,pozemky,Stodůlky,8,209589000.0,26198625.0,20200000.0,25574.04,2141.25
2026-04-23 13:31:01.178533,sreality,pozemky,Strašnice,7,69788080.0,9969725.714285715,12000000.0,27713.63,570.2857142857143
2026-04-23 13:31:01.178533,sreality,pozemky,Střížkov,2,34450000.0,17225000.0,17225000.0,30976.735,1608.5
2026-04-23 13:31:01.178533,sreality,pozemky,Suchdol,3,53380000.0,17793333.333333332,14990000.0,15993.56,1093.3333333333333
2026-04-23 13:31:01.178533,sreality,pozemky,Točná,11,232543320.0,25838146.666666668,12990000.0,14660.0,8661.545454545454
2026-04-23 13:31:01.178533,sreality,pozemky,Troja,15,233319000.0,17947615.384615384,17500000.0,24088.4,1022.0
2026-04-23 13:31:01.178533,sreality,pozemky,Třebonice,1,17000000.0,17000000.0,17000000.0,16881.83,1007.0
2026-04-23 13:31:01.178533,sreality,pozemky,Třeboradice,1,4077892.0,4077892.0,4077892.0,216.01,18878.0
2026-04-23 13:31:01.178533,sreality,pozemky,Uhříněves,2,28410500.0,14205250.0,14205250.0,9352.695,5205.0
2026-04-23 13:31:01.178533,sreality,pozemky,Veleslavín,2,37650000.0,18825000.0,18825000.0,3223.6549999999997,6548.5
2026-04-23 13:31:01.178533,sreality,pozemky,Velká Chuchle,3,32250000.0,16125000.0,16125000.0,19031.095,986.0
2026-04-23 13:31:01.178533,sreality,pozemky,Vinohrady,1,14890000.0,14890000.0,14890000.0,34627.91,430.0
2026-04-23 13:31:01.178533,sreality,pozemky,Vokovice,1,2990000.0,2990000.0,2990000.0,9373.04,319.0
2026-04-23 13:31:01.178533,sreality,pozemky,Vršovice,3,66100000.0,22033333.333333332,19800000.0,51030.93,442.0
2026-04-23 13:31:01.178533,sreality,pozemky,Vysočany,2,26949000.0,13474500.0,13474500.0,1920.04,4997.0
2026-04-23 13:31:01.178533,sreality,pozemky,Zbraslav,7,57074150.0,8153450.0,7990000.0,12566.29,1615.142857142857
2026-04-23 13:31:01.178533,sreality,pozemky,Zličín,4,89102675.0,22275668.75,27240000.0,5348.360000000001,4578.0
2026-04-23 13:31:01.178533,sreality,pozemky,Záběhlice,2,26290000.0,13145000.0,13145000.0,45719.845,279.0
2026-04-23 13:31:01.178533,sreality,pozemky,Újezd nad Lesy,10,137830060.0,13783006.0,10530480.0,13663.26,1637.5
2026-04-23 13:31:01.178533,sreality,pozemky,Újezd u Průhonic,4,53312510.0,13328127.5,12985255.0,23832.87,1943.0
2026-04-23 13:31:01.178533,sreality,pozemky,Čakovice,2,38866500.0,38866500.0,38866500.0,13500.0,16035.0
2026-04-23 13:31:01.178533,sreality,pozemky,Černý Most,1,13371000.0,13371000.0,13371000.0,3000.0,4457.0
2026-04-23 13:31:01.178533,sreality,pozemky,Ďáblice,3,49979999.0,16659999.666666666,16499999.0,15957.45,1293.6666666666667
2026-04-23 13:31:01.178533,sreality,pozemky,Řeporyje,2,1017900.0,508950.0,508950.0,277.145,2472.0
2026-04-23 13:31:01.178533,sreality,pozemky,Řepy,1,14750000.0,14750000.0,14750000.0,19180.75,769.0
2026-04-23 13:31:01.178533,sreality,pozemky,Šeberov,8,121566250.0,15195781.25,15100000.0,20505.815000000002,974.125
2026-04-23 13:31:01.178533,sreality,pozemky,Štěrboholy,1,16990000.0,16990000.0,16990000.0,18229.61,932.0
2026-04-23 13:31:01.178533,sreality,pozemky,Žižkov,3,35900000.0,11966666.666666666,16200000.0,4098.15,2686.3333333333335
